timestamp,region,actual_pm25,predicted_pm25,temperature,humidity
2025-04-27 06:00:00,East,37.38466579995411,38.521965472974756,22.622437784701898,51.77779604433569
2025-04-27 06:01:00,West,31.713682811899705,38.24939658331185,24.655790675599302,62.436872114919126
2025-04-27 06:02:00,North,28.843517176117594,20.806101003311454,26.51496183694137,62.44966571108723
2025-04-27 06:03:00,East,26.988963044107113,27.912132336768632,27.597265582510364,54.9305682462887
2025-04-27 06:04:00,East,15.214780096325725,16.514194067567843,21.39911077883267,55.289616943816775
2025-04-27 06:05:00,West,22.801557916052914,26.710672274939466,23.996496292477154,62.32049937357636
2025-04-27 06:06:00,North,25.393612290402125,19.208858736011713,23.575164066517132,45.51915658502676
2025-04-27 06:07:00,North,40.57122226218915,33.96893919676777,23.040012302278864,45.92536225623445
2025-04-27 06:08:00,East,33.43618289568462,36.045890723769105,30.29636272084329,52.81555778747564
2025-04-27 06:09:00,South,12.36959844637266,13.85452181253859,26.214945132882868,57.86552848288153
2025-04-27 06:10:00,East,33.24083969394795,34.49330394567733,21.217348136994865,63.10907565598005
2025-04-27 06:11:00,East,26.149177195836835,27.88141824332171,27.753585841164327,74.75356216949552
2025-04-27 06:12:00,East,23.230779996940413,19.83065638904796,31.3664685910379,68.5765962320202
2025-04-27 06:13:00,East,36.11676288840868,37.2780313742137,28.09739578165344,58.40061470036573
2025-04-27 06:14:00,West,40.30999522495951,41.77535759145292,20.44189010213796,59.80983792097311
2025-04-27 06:15:00,North,39.31280119116199,35.74104410103015,23.547297781401245,49.97470635362191
2025-04-27 06:16:00,West,21.607824767773614,30.9366973234974,28.800733447559868,59.8148686400761
2025-04-27 06:17:00,West,26.907876241487855,29.277040846046795,22.876991603143658,57.11341361079862
2025-04-27 06:18:00,West,33.31263431403564,27.356116828022397,26.331458284438686,63.227185603380896
2025-04-27 06:19:00,East,39.75545127122359,43.03821931439274,27.32390216028801,51.727690564476774
2025-04-27 06:20:00,South,25.2082576215471,20.334849270410494,22.21920858526575,65.19346514241172
2025-04-27 06:21:00,North,28.143410233361827,32.07883325207409,24.8214239318146,75.32738913002578
2025-04-27 06:22:00,South,18.936650259939718,24.729628154976737,15.276197979792782,58.91239851543143
2025-04-27 06:23:00,West,18.037933759193294,13.934522167434741,21.92683707599713,64.01711722098942
2025-04-27 06:24:00,West,38.125258223941984,42.94213887016359,24.242295545820518,66.90143991711112
2025-04-27 06:25:00,South,43.56240028570823,45.62630492039072,21.25665045410545,55.987795281141636
2025-04-27 06:26:00,South,29.27989878419666,33.39019958416911,29.897233911794906,62.24092481810417
2025-04-27 06:27:00,South,40.03532897892024,49.51929389218998,20.7095758661181,60.12592400781795
2025-04-27 06:28:00,West,33.61636025047634,32.38941967046199,23.67986653990905,60.97676098548832
2025-04-27 06:29:00,West,23.548802453948756,19.780121632161308,25.392221731858275,52.26990216144534
2025-04-27 06:30:00,North,33.61395605508414,29.166383906956522,29.323819867198345,60.245101742589426
2025-04-27 06:31:00,North,45.38036566465969,41.3013142398325,20.69241354646168,64.9799829124545
2025-04-27 06:32:00,West,29.641739608900483,29.25623106182996,28.48949125646488,74.51143607795042
2025-04-27 06:33:00,South,45.64643655814006,47.35219643222328,25.03069918305876,69.59270826085206
2025-04-27 06:34:00,South,5.0,6.383453996650095,22.055474046856148,81.53182457511556
2025-04-27 06:35:00,North,38.21902504375224,42.35494128893236,26.386310422789812,52.326524371119504
2025-04-27 06:36:00,West,30.87047068238171,30.935480141771247,25.59717908672041,68.72320636720679
2025-04-27 06:37:00,North,27.009926495341325,34.277596881127906,23.199349368523617,61.83342005738352
2025-04-27 06:38:00,North,30.917607765355022,29.594323599165243,25.209406254970055,81.89802933217672
2025-04-27 06:39:00,East,10.124310853991073,23.725156686939165,23.84405920941472,51.91701714644849
2025-04-27 06:40:00,East,27.80328112162488,30.93161786044991,25.340552035753745,51.602781578192236
2025-04-27 06:41:00,East,33.57112571511746,29.285337933036047,26.98639202356314,54.00607354555978
2025-04-27 06:42:00,South,44.77894044741516,39.4244779571096,29.758050448436055,38.76104275690193
2025-04-27 06:43:00,West,24.817297817263526,27.229659893479454,21.286553503519453,54.74244978319239
2025-04-27 06:44:00,West,21.915063971068122,20.797750044438867,31.3991001239688,52.40867338446302
2025-04-27 06:45:00,West,24.982429564154636,28.552432034615094,19.143736601432494,61.50393786476208
2025-04-27 06:46:00,West,39.15402117702074,41.520209299888464,24.54464471489325,63.41755975777159
2025-04-27 06:47:00,East,33.287511096596845,32.92336653331248,26.76495161945373,78.76170839215887
2025-04-27 06:48:00,South,24.702397962329613,20.46842937198759,25.842975603205097,69.5042383818605
2025-04-27 06:49:00,South,35.13267433113356,27.558438207704235,23.13190144053822,54.23096344337597
2025-04-27 06:50:00,East,30.970775493480403,28.738200733145298,24.375633248928175,51.01585328651642
2025-04-27 06:51:00,South,39.68644990532889,43.96844387694625,23.5209971960235,64.91919171506505
2025-04-27 06:52:00,East,22.979469061226474,24.049937781877496,23.231905729167366,46.797667929793576
2025-04-27 06:53:00,West,26.723378534022316,20.494684640462374,27.548806291063073,78.31458765854353
2025-04-27 06:54:00,East,26.078918468678424,26.944823097934332,26.071046457895143,71.79440120721287
2025-04-27 06:55:00,West,15.364850518678814,17.291437417323,22.921271214218038,55.30824347895295
2025-04-27 06:56:00,West,32.96120277064576,28.541915589640098,27.698799626299753,42.868654709091224
2025-04-27 06:57:00,North,32.610552721798896,33.37917825152653,25.921898562629828,73.53872374165412
2025-04-27 06:58:00,East,30.051134566424608,30.342178158654608,27.43858635651688,58.85460154747382
2025-04-27 06:59:00,North,27.654128666248532,21.939277177095416,26.888886525770836,72.37816311973462
2025-04-27 07:00:00,East,15.846292579495858,17.635229381237274,22.513014967233783,44.05572341205633
2025-04-27 07:01:00,East,25.79354677234641,28.59746940418758,23.319456879409092,54.00624977046227
2025-04-27 07:02:00,North,26.572854834732304,31.988111050608687,27.241880815369786,60.05243699718183
2025-04-27 07:03:00,North,21.97722730778381,27.246237567958325,26.831110796300393,60.46980593764742
2025-04-27 07:04:00,East,28.38714288333991,21.498796043554453,24.937295218107554,55.49934528520756
2025-04-27 07:05:00,South,34.040508568145384,29.35138336856977,25.351982149926346,66.22849932347499
2025-04-27 07:06:00,West,48.8618590121053,51.4370353481486,28.832994687365275,49.32379570617405
2025-04-27 07:07:00,North,31.74577812831839,34.31470788287943,23.22528583349251,58.576205149787064
2025-04-27 07:08:00,West,32.57550390722764,35.15074233875788,26.641292143510114,61.20295631711899
2025-04-27 07:09:00,South,29.255540842338327,48.51919829561193,24.39342204269832,65.14438834058748
2025-04-27 07:10:00,South,10.812287847009586,13.66674040047542,24.34695639031834,67.11614878088889
2025-04-27 07:11:00,South,29.73486124550783,35.41268944641082,28.29633055596157,48.75357908162131
2025-04-27 07:12:00,North,30.602302099410263,35.37231091687627,27.47624904696409,44.65885829264378
2025-04-27 07:13:00,South,54.63242112485286,57.88937738138185,27.440528908001916,72.7767682189851
2025-04-27 07:14:00,North,28.076390352188774,26.500044128987046,28.916436421462986,63.323140119795916
2025-04-27 07:15:00,South,33.015473423336125,36.81031952580246,25.063011524898275,52.51513463443446
2025-04-27 07:16:00,West,29.652882302947567,25.788756230259708,27.045858913884892,75.51151975522524
2025-04-27 07:17:00,West,18.313219623804677,17.129126590104633,24.069199730219633,61.156746342928585
2025-04-27 07:18:00,East,41.42822814515021,39.00141040600469,25.972499057465328,71.79297184063826
2025-04-27 07:19:00,West,37.519330326867745,37.928701023799356,24.609570836896946,60.67518481410109
2025-04-27 07:20:00,East,37.910319470430466,49.48361230379801,25.290987894978155,80.60747924881987
2025-04-27 07:21:00,West,20.90612545205261,11.56979948909387,26.785471076310742,77.55340842443204
2025-04-27 07:22:00,North,44.02794310936099,47.459244061233555,22.545337950299583,57.51035851520926
2025-04-27 07:23:00,West,15.981489372077192,7.917910016128934,31.277161827056382,69.71570950954356
2025-04-27 07:24:00,East,35.868570938002705,33.50891160905554,21.981947855500895,66.45375949585147
2025-04-27 07:25:00,East,51.90455625809979,57.34930924293662,21.357434161636803,73.68631557532349
2025-04-27 07:26:00,South,20.094636748693116,20.41603684417043,28.474332620500203,50.35076539419896
2025-04-27 07:27:00,North,24.33702270397228,18.94829881432575,27.37498808188881,66.8605145999844
2025-04-27 07:28:00,West,30.996513650876413,27.41999510457657,26.872359451156466,70.58424486849587
2025-04-27 07:29:00,South,24.965243458838007,28.363232203511387,26.88503652779284,42.41260513576886
2025-04-27 07:30:00,West,14.493365689338674,10.84153253075299,24.963259681459256,48.16741487334225
2025-04-27 07:31:00,West,30.685629748060272,31.767922695970146,22.308236885542506,39.607678222398995
2025-04-27 07:32:00,South,19.37696286273895,19.60482206225802,25.22741367458118,57.305931655554424
2025-04-27 07:33:00,South,34.73592430635182,31.477922568322732,22.968514865463664,67.17542255795962
2025-04-27 07:34:00,South,20.80575765766197,31.5254781042886,27.925359200253254,75.02357052096028
2025-04-27 07:35:00,South,45.499344050175395,48.66893916176545,24.558827855493583,60.74094780419775
2025-04-27 07:36:00,South,22.167467076637628,12.041754143349593,22.523508409622465,76.28615545571292
2025-04-27 07:37:00,West,26.779384837943244,27.711656411790383,24.03584247504102,46.198985417851084
2025-04-27 07:38:00,South,38.135172173696695,34.82623984985476,26.238794362826873,42.96617560644845
2025-04-27 07:39:00,North,17.69135683566045,21.95352350964157,23.308826341588077,59.44452301103381
